Library,BarCode,Category,Read
SLX-9168,D701_D501,Mapped,88178350
SLX-9168,D701_D502,Mapped,88924670
SLX-9168,D701_D503,Mapped,79718038
SLX-9168,D701_D504,Mapped,67772608
SLX-9168,D701_D505,Mapped,69356692
SLX-9168,D701_D506,Mapped,75480832
SLX-9168,D701_D507,Mapped,89905975
SLX-9168,D701_D508,Mapped,90612537
SLX-9168,D702_D501,Mapped,75936054
SLX-9168,D702_D502,Mapped,84816027
SLX-9168,D702_D503,Mapped,77809202
SLX-9168,D702_D504,Mapped,73121566
SLX-9168,D702_D505,Mapped,72514886
SLX-9168,D702_D506,Mapped,84784787
SLX-9168,D702_D507,Mapped,72294596
SLX-9168,D702_D508,Mapped,76786516
SLX-9168,D707_D501,Mapped,67636439
SLX-9168,D707_D502,Mapped,57735453
SLX-9168,D707_D503,Mapped,53716395
SLX-9168,D707_D504,Mapped,53224653
SLX-9168,D707_D505,Mapped,66684761
SLX-9168,D707_D506,Mapped,68665937
SLX-9168,D707_D507,Mapped,57096206
SLX-9168,D707_D508,Mapped,64262815
SLX-9168,D708_D501,Mapped,69747496
SLX-9168,D708_D502,Mapped,68944309
SLX-9168,D708_D503,Mapped,64490596
SLX-9168,D708_D504,Mapped,51135826
SLX-9168,D708_D505,Mapped,64976909
SLX-9168,D708_D506,Mapped,60694332
SLX-9168,D708_D507,Mapped,68448236
SLX-9168,D708_D508,Mapped,54230909
SLX-9168,D709_D501,Mapped,38926737
SLX-9168,D709_D502,Mapped,66518433
SLX-9168,D709_D503,Mapped,60910065
SLX-9168,D709_D504,Mapped,104114727
SLX-9168,D709_D505,Mapped,69746705
SLX-9168,D709_D506,Mapped,64367054
SLX-9168,D709_D507,Mapped,67648500
SLX-9168,D709_D508,Mapped,60097354
SLX-9168,D710_D501,Mapped,76658874
SLX-9168,D710_D502,Mapped,75960770
SLX-9168,D710_D503,Mapped,64494164
SLX-9168,D710_D504,Mapped,63876233
SLX-9168,D710_D505,Mapped,69908581
SLX-9168,D710_D506,Mapped,64632381
SLX-9168,D710_D507,Mapped,73000526
SLX-9168,D710_D508,Mapped,74776342
SLX-9168,D711_D501,Mapped,77249033
SLX-9168,D711_D502,Mapped,77020380
SLX-9168,D711_D503,Mapped,57229996
SLX-9168,D711_D504,Mapped,46999774
SLX-9168,D711_D505,Mapped,56515357
SLX-9168,D711_D506,Mapped,56530313
SLX-9168,D711_D507,Mapped,61325160
SLX-9168,D711_D508,Mapped,64602123
SLX-9168,D701_D501,Rescued,32036184
SLX-9168,D701_D502,Rescued,23998694
SLX-9168,D701_D503,Rescued,24048032
SLX-9168,D701_D504,Rescued,25302707
SLX-9168,D701_D505,Rescued,39679161
SLX-9168,D701_D506,Rescued,27831818
SLX-9168,D701_D507,Rescued,23101201
SLX-9168,D701_D508,Rescued,27836055
SLX-9168,D702_D501,Rescued,45749999
SLX-9168,D702_D502,Rescued,24991877
SLX-9168,D702_D503,Rescued,29547762
SLX-9168,D702_D504,Rescued,22687594
SLX-9168,D702_D505,Rescued,32269268
SLX-9168,D702_D506,Rescued,17069962
SLX-9168,D702_D507,Rescued,29762559
SLX-9168,D702_D508,Rescued,32384883
SLX-9168,D707_D501,Rescued,22581026
SLX-9168,D707_D502,Rescued,31535282
SLX-9168,D707_D503,Rescued,17356682
SLX-9168,D707_D504,Rescued,17835295
SLX-9168,D707_D505,Rescued,16806231
SLX-9168,D707_D506,Rescued,18405410
SLX-9168,D707_D507,Rescued,33897291
SLX-9168,D707_D508,Rescued,24191704
SLX-9168,D708_D501,Rescued,25162215
SLX-9168,D708_D502,Rescued,20401995
SLX-9168,D708_D503,Rescued,24554881
SLX-9168,D708_D504,Rescued,24114114
SLX-9168,D708_D505,Rescued,19549896
SLX-9168,D708_D506,Rescued,24868182
SLX-9168,D708_D507,Rescued,19138869
SLX-9168,D708_D508,Rescued,19775450
SLX-9168,D709_D501,Rescued,56602750
SLX-9168,D709_D502,Rescued,24908448
SLX-9168,D709_D503,Rescued,14312682
SLX-9168,D709_D504,Rescued,24714694
SLX-9168,D709_D505,Rescued,16582808
SLX-9168,D709_D506,Rescued,18595355
SLX-9168,D709_D507,Rescued,20175003
SLX-9168,D709_D508,Rescued,20659639
SLX-9168,D710_D501,Rescued,22971815
SLX-9168,D710_D502,Rescued,22446397
SLX-9168,D710_D503,Rescued,26652432
SLX-9168,D710_D504,Rescued,23542809
SLX-9168,D710_D505,Rescued,21504112
SLX-9168,D710_D506,Rescued,17202310
SLX-9168,D710_D507,Rescued,26081071
SLX-9168,D710_D508,Rescued,22539146
SLX-9168,D711_D501,Rescued,21516125
SLX-9168,D711_D502,Rescued,18994040
SLX-9168,D711_D503,Rescued,25381569
SLX-9168,D711_D504,Rescued,19120710
SLX-9168,D711_D505,Rescued,17365964
SLX-9168,D711_D506,Rescued,28025648
SLX-9168,D711_D507,Rescued,23709776
SLX-9168,D711_D508,Rescued,23779518
SLX-9168,D701_D501,Unmapped,6700077
SLX-9168,D701_D502,Unmapped,5802675
SLX-9168,D701_D503,Unmapped,6037372
SLX-9168,D701_D504,Unmapped,6352082
SLX-9168,D701_D505,Unmapped,5671477
SLX-9168,D701_D506,Unmapped,5102520
SLX-9168,D701_D507,Unmapped,5726436
SLX-9168,D701_D508,Unmapped,6122904
SLX-9168,D702_D501,Unmapped,7144714
SLX-9168,D702_D502,Unmapped,5866785
SLX-9168,D702_D503,Unmapped,6458403
SLX-9168,D702_D504,Unmapped,5803965
SLX-9168,D702_D505,Unmapped,6137108
SLX-9168,D702_D506,Unmapped,5476064
SLX-9168,D702_D507,Unmapped,5895651
SLX-9168,D702_D508,Unmapped,6137615
SLX-9168,D707_D501,Unmapped,4960791
SLX-9168,D707_D502,Unmapped,5314371
SLX-9168,D707_D503,Unmapped,3901158
SLX-9168,D707_D504,Unmapped,4133057
SLX-9168,D707_D505,Unmapped,4705717
SLX-9168,D707_D506,Unmapped,4492984
SLX-9168,D707_D507,Unmapped,5536973
SLX-9168,D707_D508,Unmapped,5346451
SLX-9168,D708_D501,Unmapped,5715396
SLX-9168,D708_D502,Unmapped,4942511
SLX-9168,D708_D503,Unmapped,5490622
SLX-9168,D708_D504,Unmapped,4202144
SLX-9168,D708_D505,Unmapped,5042532
SLX-9168,D708_D506,Unmapped,4899302
SLX-9168,D708_D507,Unmapped,4616924
SLX-9168,D708_D508,Unmapped,3965290
SLX-9168,D709_D501,Unmapped,4524760
SLX-9168,D709_D502,Unmapped,4940887
SLX-9168,D709_D503,Unmapped,4143760
SLX-9168,D709_D504,Unmapped,6411303
SLX-9168,D709_D505,Unmapped,4546121
SLX-9168,D709_D506,Unmapped,4200630
SLX-9168,D709_D507,Unmapped,4552644
SLX-9168,D709_D508,Unmapped,3897658
SLX-9168,D710_D501,Unmapped,5171143
SLX-9168,D710_D502,Unmapped,5192598
SLX-9168,D710_D503,Unmapped,5295574
SLX-9168,D710_D504,Unmapped,4962677
SLX-9168,D710_D505,Unmapped,5326519
SLX-9168,D710_D506,Unmapped,4393025
SLX-9168,D710_D507,Unmapped,5362580
SLX-9168,D710_D508,Unmapped,5119607
SLX-9168,D711_D501,Unmapped,5633733
SLX-9168,D711_D502,Unmapped,5826659
SLX-9168,D711_D503,Unmapped,5144275
SLX-9168,D711_D504,Unmapped,3860399
SLX-9168,D711_D505,Unmapped,4497694
SLX-9168,D711_D506,Unmapped,4922295
SLX-9168,D711_D507,Unmapped,4784280
SLX-9168,D711_D508,Unmapped,4704632
SLX-9169,D704_D501,Mapped,68864578
SLX-9169,D704_D502,Mapped,65634897
SLX-9169,D704_D503,Mapped,70259962
SLX-9169,D704_D504,Mapped,84602321
SLX-9169,D704_D505,Mapped,68725184
SLX-9169,D704_D506,Mapped,69736832
SLX-9169,D704_D507,Mapped,68923006
SLX-9169,D704_D508,Mapped,70847904
SLX-9169,D705_D501,Mapped,78328554
SLX-9169,D705_D502,Mapped,76295522
SLX-9169,D705_D503,Mapped,66975047
SLX-9169,D705_D504,Mapped,72312946
SLX-9169,D705_D505,Mapped,77550980
SLX-9169,D705_D506,Mapped,72691744
SLX-9169,D705_D507,Mapped,81072910
SLX-9169,D705_D508,Mapped,75897653
SLX-9169,D706_D501,Mapped,87723937
SLX-9169,D706_D502,Mapped,77150313
SLX-9169,D706_D503,Mapped,70949609
SLX-9169,D706_D504,Mapped,74167585
SLX-9169,D706_D505,Mapped,83279129
SLX-9169,D706_D506,Mapped,77774612
SLX-9169,D706_D507,Mapped,75922005
SLX-9169,D706_D508,Mapped,79149375
SLX-9169,D708_D501,Mapped,74345405
SLX-9169,D708_D502,Mapped,67607184
SLX-9169,D709_D501,Mapped,66900142
SLX-9169,D709_D502,Mapped,67314876
SLX-9169,D709_D503,Mapped,66770238
SLX-9169,D709_D504,Mapped,59952352
SLX-9169,D709_D505,Mapped,54819411
SLX-9169,D709_D506,Mapped,58279702
SLX-9169,D709_D507,Mapped,69465781
SLX-9169,D709_D508,Mapped,53328475
SLX-9169,D710_D501,Mapped,74223767
SLX-9169,D710_D502,Mapped,59046203
SLX-9169,D710_D503,Mapped,59066795
SLX-9169,D710_D504,Mapped,52265102
SLX-9169,D710_D505,Mapped,56839053
SLX-9169,D710_D506,Mapped,51885569
SLX-9169,D710_D507,Mapped,51115137
SLX-9169,D710_D508,Mapped,56949127
SLX-9169,D711_D501,Mapped,62635147
SLX-9169,D711_D502,Mapped,56066348
SLX-9169,D711_D503,Mapped,47415279
SLX-9169,D711_D504,Mapped,48730201
SLX-9169,D711_D505,Mapped,59516166
SLX-9169,D711_D506,Mapped,61544795
SLX-9169,D711_D507,Mapped,60823998
SLX-9169,D711_D508,Mapped,56197260
SLX-9169,D712_D501,Mapped,75184145
SLX-9169,D712_D502,Mapped,63467808
SLX-9169,D712_D503,Mapped,81136203
SLX-9169,D712_D504,Mapped,62895961
SLX-9169,D712_D505,Mapped,76558027
SLX-9169,D712_D506,Mapped,67716581
SLX-9169,D712_D507,Mapped,63432396
SLX-9169,D712_D508,Mapped,59439795
SLX-9169,D704_D501,Rescued,24589728
SLX-9169,D704_D502,Rescued,30750057
SLX-9169,D704_D503,Rescued,21196243
SLX-9169,D704_D504,Rescued,23329670
SLX-9169,D704_D505,Rescued,26136955
SLX-9169,D704_D506,Rescued,23684625
SLX-9169,D704_D507,Rescued,24628334
SLX-9169,D704_D508,Rescued,21997353
SLX-9169,D705_D501,Rescued,21290001
SLX-9169,D705_D502,Rescued,17255161
SLX-9169,D705_D503,Rescued,20014013
SLX-9169,D705_D504,Rescued,19142813
SLX-9169,D705_D505,Rescued,15988323
SLX-9169,D705_D506,Rescued,26051952
SLX-9169,D705_D507,Rescued,15732988
SLX-9169,D705_D508,Rescued,14726099
SLX-9169,D706_D501,Rescued,33684957
SLX-9169,D706_D502,Rescued,24292130
SLX-9169,D706_D503,Rescued,25020530
SLX-9169,D706_D504,Rescued,18513907
SLX-9169,D706_D505,Rescued,19727786
SLX-9169,D706_D506,Rescued,20981148
SLX-9169,D706_D507,Rescued,22120135
SLX-9169,D706_D508,Rescued,27638053
SLX-9169,D708_D501,Rescued,21027335
SLX-9169,D708_D502,Rescued,21147444
SLX-9169,D709_D501,Rescued,26938108
SLX-9169,D709_D502,Rescued,24601896
SLX-9169,D709_D503,Rescued,23030746
SLX-9169,D709_D504,Rescued,18939016
SLX-9169,D709_D505,Rescued,27591741
SLX-9169,D709_D506,Rescued,25961738
SLX-9169,D709_D507,Rescued,20087758
SLX-9169,D709_D508,Rescued,26678390
SLX-9169,D710_D501,Rescued,19217355
SLX-9169,D710_D502,Rescued,21946598
SLX-9169,D710_D503,Rescued,22492666
SLX-9169,D710_D504,Rescued,23439586
SLX-9169,D710_D505,Rescued,24827008
SLX-9169,D710_D506,Rescued,24725667
SLX-9169,D710_D507,Rescued,30424962
SLX-9169,D710_D508,Rescued,27608722
SLX-9169,D711_D501,Rescued,25033575
SLX-9169,D711_D502,Rescued,29611257
SLX-9169,D711_D503,Rescued,21554201
SLX-9169,D711_D504,Rescued,19331736
SLX-9169,D711_D505,Rescued,19497092
SLX-9169,D711_D506,Rescued,24279292
SLX-9169,D711_D507,Rescued,17122801
SLX-9169,D711_D508,Rescued,18320382
SLX-9169,D712_D501,Rescued,18689953
SLX-9169,D712_D502,Rescued,22028802
SLX-9169,D712_D503,Rescued,23392824
SLX-9169,D712_D504,Rescued,19678535
SLX-9169,D712_D505,Rescued,17467805
SLX-9169,D712_D506,Rescued,11560788
SLX-9169,D712_D507,Rescued,20203317
SLX-9169,D712_D508,Rescued,21575476
SLX-9169,D704_D501,Unmapped,8323350
SLX-9169,D704_D502,Unmapped,8188224
SLX-9169,D704_D503,Unmapped,7912611
SLX-9169,D704_D504,Unmapped,10373494
SLX-9169,D704_D505,Unmapped,8110333
SLX-9169,D704_D506,Unmapped,6875679
SLX-9169,D704_D507,Unmapped,7434239
SLX-9169,D704_D508,Unmapped,6357005
SLX-9169,D705_D501,Unmapped,9848592
SLX-9169,D705_D502,Unmapped,9057781
SLX-9169,D705_D503,Unmapped,7828336
SLX-9169,D705_D504,Unmapped,8116040
SLX-9169,D705_D505,Unmapped,4979875
SLX-9169,D705_D506,Unmapped,6419743
SLX-9169,D705_D507,Unmapped,7607824
SLX-9169,D705_D508,Unmapped,6653328
SLX-9169,D706_D501,Unmapped,10109780
SLX-9169,D706_D502,Unmapped,10689775
SLX-9169,D706_D503,Unmapped,10222360
SLX-9169,D706_D504,Unmapped,10340194
SLX-9169,D706_D505,Unmapped,11232733
SLX-9169,D706_D506,Unmapped,8265546
SLX-9169,D706_D507,Unmapped,9415069
SLX-9169,D706_D508,Unmapped,7683332
SLX-9169,D708_D501,Unmapped,6398773
SLX-9169,D708_D502,Unmapped,7044126
SLX-9169,D709_D501,Unmapped,6366599
SLX-9169,D709_D502,Unmapped,5618828
SLX-9169,D709_D503,Unmapped,6116234
SLX-9169,D709_D504,Unmapped,5402171
SLX-9169,D709_D505,Unmapped,5983185
SLX-9169,D709_D506,Unmapped,5199002
SLX-9169,D709_D507,Unmapped,5905874
SLX-9169,D709_D508,Unmapped,5061424
SLX-9169,D710_D501,Unmapped,6560015
SLX-9169,D710_D502,Unmapped,5943913
SLX-9169,D710_D503,Unmapped,6237718
SLX-9169,D710_D504,Unmapped,5730550
SLX-9169,D710_D505,Unmapped,5757428
SLX-9169,D710_D506,Unmapped,5708368
SLX-9169,D710_D507,Unmapped,5731163
SLX-9169,D710_D508,Unmapped,5006934
SLX-9169,D711_D501,Unmapped,6180162
SLX-9169,D711_D502,Unmapped,5729202
SLX-9169,D711_D503,Unmapped,5350170
SLX-9169,D711_D504,Unmapped,5283950
SLX-9169,D711_D505,Unmapped,5219763
SLX-9169,D711_D506,Unmapped,5454226
SLX-9169,D711_D507,Unmapped,6143379
SLX-9169,D711_D508,Unmapped,4577416
SLX-9169,D712_D501,Unmapped,6032691
SLX-9169,D712_D502,Unmapped,5624639
SLX-9169,D712_D503,Unmapped,7047633
SLX-9169,D712_D504,Unmapped,5669567
SLX-9169,D712_D505,Unmapped,7581862
SLX-9169,D712_D506,Unmapped,6143495
SLX-9169,D712_D507,Unmapped,6169961
SLX-9169,D712_D508,Unmapped,5751337
SLX-10281,D701_D501,Mapped,64461957
SLX-10281,D701_D502,Mapped,63626389
SLX-10281,D701_D503,Mapped,49895040
SLX-10281,D701_D504,Mapped,56189829
SLX-10281,D701_D505,Mapped,62160281
SLX-10281,D701_D506,Mapped,42582972
SLX-10281,D701_D507,Mapped,61570534
SLX-10281,D701_D508,Mapped,54754130
SLX-10281,D702_D501,Mapped,43480757
SLX-10281,D702_D502,Mapped,56950236
SLX-10281,D702_D505,Mapped,59108799
SLX-10281,D702_D506,Mapped,63742618
SLX-10281,D702_D507,Mapped,52217025
SLX-10281,D702_D508,Mapped,90589765
SLX-10281,D711_D501,Mapped,104034264
SLX-10281,D711_D502,Mapped,78057711
SLX-10281,D711_D503,Mapped,58604949
SLX-10281,D711_D504,Mapped,69215217
SLX-10281,D711_D505,Mapped,60994598
SLX-10281,D711_D506,Mapped,71805187
SLX-10281,D712_D501,Mapped,70225281
SLX-10281,D712_D502,Mapped,67738909
SLX-10281,D712_D503,Mapped,61239584
SLX-10281,D712_D504,Mapped,103082416
SLX-10281,D712_D505,Mapped,69494827
SLX-10281,D712_D506,Mapped,61430726
SLX-10281,D712_D507,Mapped,70121276
SLX-10281,D712_D508,Mapped,60536856
SLX-10281,D701_D501,Rescued,25509201
SLX-10281,D701_D502,Rescued,36480606
SLX-10281,D701_D503,Rescued,25725137
SLX-10281,D701_D504,Rescued,28363904
SLX-10281,D701_D505,Rescued,37360561
SLX-10281,D701_D506,Rescued,39906585
SLX-10281,D701_D507,Rescued,42796119
SLX-10281,D701_D508,Rescued,43377437
SLX-10281,D702_D501,Rescued,38082711
SLX-10281,D702_D502,Rescued,34289644
SLX-10281,D702_D505,Rescued,24920866
SLX-10281,D702_D506,Rescued,27290268
SLX-10281,D702_D507,Rescued,17478564
SLX-10281,D702_D508,Rescued,33261717
SLX-10281,D711_D501,Rescued,41546077
SLX-10281,D711_D502,Rescued,27920197
SLX-10281,D711_D503,Rescued,24001896
SLX-10281,D711_D504,Rescued,28866092
SLX-10281,D711_D505,Rescued,23471588
SLX-10281,D711_D506,Rescued,27081188
SLX-10281,D712_D501,Rescued,32742068
SLX-10281,D712_D502,Rescued,30906777
SLX-10281,D712_D503,Rescued,36703570
SLX-10281,D712_D504,Rescued,40401227
SLX-10281,D712_D505,Rescued,37748397
SLX-10281,D712_D506,Rescued,40240517
SLX-10281,D712_D507,Rescued,25901428
SLX-10281,D712_D508,Rescued,22747626
SLX-10281,D701_D501,Unmapped,5229126
SLX-10281,D701_D502,Unmapped,6375995
SLX-10281,D701_D503,Unmapped,4697104
SLX-10281,D701_D504,Unmapped,5536040
SLX-10281,D701_D505,Unmapped,6364201
SLX-10281,D701_D506,Unmapped,6026637
SLX-10281,D701_D507,Unmapped,6362902
SLX-10281,D701_D508,Unmapped,6185593
SLX-10281,D702_D501,Unmapped,6211758
SLX-10281,D702_D502,Unmapped,5559163
SLX-10281,D702_D505,Unmapped,5116716
SLX-10281,D702_D506,Unmapped,5744995
SLX-10281,D702_D507,Unmapped,4011592
SLX-10281,D702_D508,Unmapped,6984449
SLX-10281,D711_D501,Unmapped,9291959
SLX-10281,D711_D502,Unmapped,6945543
SLX-10281,D711_D503,Unmapped,5886889
SLX-10281,D711_D504,Unmapped,6358853
SLX-10281,D711_D505,Unmapped,5437939
SLX-10281,D711_D506,Unmapped,6299846
SLX-10281,D712_D501,Unmapped,6372733
SLX-10281,D712_D502,Unmapped,5974488
SLX-10281,D712_D503,Unmapped,6305596
SLX-10281,D712_D504,Unmapped,8403664
SLX-10281,D712_D505,Unmapped,6619690
SLX-10281,D712_D506,Unmapped,6338366
SLX-10281,D712_D507,Unmapped,5850276
SLX-10281,D712_D508,Unmapped,4733255
SLX-10402,D704_D501,Mapped,64867708
SLX-10402,D704_D502,Mapped,51505375
SLX-10402,D704_D503,Mapped,52269395
SLX-10402,D704_D504,Mapped,57984847
SLX-10402,D704_D505,Mapped,71349505
SLX-10402,D704_D506,Mapped,75206838
SLX-10402,D704_D507,Mapped,63384467
SLX-10402,D704_D508,Mapped,62407919
SLX-10402,D705_D501,Mapped,57505798
SLX-10402,D705_D502,Mapped,62527233
SLX-10402,D705_D503,Mapped,60557544
SLX-10402,D705_D504,Mapped,62636573
SLX-10402,D705_D505,Mapped,70958073
SLX-10402,D705_D506,Mapped,59887809
SLX-10402,D705_D507,Mapped,70077676
SLX-10402,D705_D508,Mapped,71265318
SLX-10402,D706_D501,Mapped,57833373
SLX-10402,D706_D502,Mapped,57033758
SLX-10402,D706_D503,Mapped,61485117
SLX-10402,D706_D504,Mapped,82387312
SLX-10402,D706_D505,Mapped,73622277
SLX-10402,D706_D506,Mapped,77981407
SLX-10402,D706_D507,Mapped,72348026
SLX-10402,D706_D508,Mapped,61391808
SLX-10402,D707_D501,Mapped,73325901
SLX-10402,D707_D502,Mapped,72652809
SLX-10402,D707_D503,Mapped,65233550
SLX-10402,D707_D504,Mapped,77956932
SLX-10402,D707_D505,Mapped,70680732
SLX-10402,D707_D506,Mapped,61328624
SLX-10402,D707_D507,Mapped,61700151
SLX-10402,D707_D508,Mapped,58580045
SLX-10402,D704_D501,Rescued,31786028
SLX-10402,D704_D502,Rescued,29646950
SLX-10402,D704_D503,Rescued,26401157
SLX-10402,D704_D504,Rescued,34631208
SLX-10402,D704_D505,Rescued,32811658
SLX-10402,D704_D506,Rescued,25577021
SLX-10402,D704_D507,Rescued,27819596
SLX-10402,D704_D508,Rescued,26912726
SLX-10402,D705_D501,Rescued,25814060
SLX-10402,D705_D502,Rescued,24119132
SLX-10402,D705_D503,Rescued,29515488
SLX-10402,D705_D504,Rescued,34417653
SLX-10402,D705_D505,Rescued,31340695
SLX-10402,D705_D506,Rescued,27258875
SLX-10402,D705_D507,Rescued,31567818
SLX-10402,D705_D508,Rescued,37078071
SLX-10402,D706_D501,Rescued,26902115
SLX-10402,D706_D502,Rescued,29694426
SLX-10402,D706_D503,Rescued,37941809
SLX-10402,D706_D504,Rescued,40270172
SLX-10402,D706_D505,Rescued,36684705
SLX-10402,D706_D506,Rescued,34973041
SLX-10402,D706_D507,Rescued,35945918
SLX-10402,D706_D508,Rescued,33215681
SLX-10402,D707_D501,Rescued,40965268
SLX-10402,D707_D502,Rescued,43938888
SLX-10402,D707_D503,Rescued,37361267
SLX-10402,D707_D504,Rescued,40532629
SLX-10402,D707_D505,Rescued,36953736
SLX-10402,D707_D506,Rescued,32110181
SLX-10402,D707_D507,Rescued,36834122
SLX-10402,D707_D508,Rescued,38179929
SLX-10402,D704_D501,Unmapped,7470487
SLX-10402,D704_D502,Unmapped,6593851
SLX-10402,D704_D503,Unmapped,5816239
SLX-10402,D704_D504,Unmapped,7363606
SLX-10402,D704_D505,Unmapped,7704991
SLX-10402,D704_D506,Unmapped,7137887
SLX-10402,D704_D507,Unmapped,6512988
SLX-10402,D704_D508,Unmapped,6564468
SLX-10402,D705_D501,Unmapped,5916060
SLX-10402,D705_D502,Unmapped,6236675
SLX-10402,D705_D503,Unmapped,6796176
SLX-10402,D705_D504,Unmapped,7367369
SLX-10402,D705_D505,Unmapped,7537939
SLX-10402,D705_D506,Unmapped,6388987
SLX-10402,D705_D507,Unmapped,7350057
SLX-10402,D705_D508,Unmapped,7721931
SLX-10402,D706_D501,Unmapped,6355793
SLX-10402,D706_D502,Unmapped,6630696
SLX-10402,D706_D503,Unmapped,7702163
SLX-10402,D706_D504,Unmapped,9197713
SLX-10402,D706_D505,Unmapped,8148300
SLX-10402,D706_D506,Unmapped,8432505
SLX-10402,D706_D507,Unmapped,7877454
SLX-10402,D706_D508,Unmapped,6766460
SLX-10402,D707_D501,Unmapped,7606047
SLX-10402,D707_D502,Unmapped,8821571
SLX-10402,D707_D503,Unmapped,7386937
SLX-10402,D707_D504,Unmapped,8483665
SLX-10402,D707_D505,Unmapped,7820068
SLX-10402,D707_D506,Unmapped,7101556
SLX-10402,D707_D507,Unmapped,7460044
SLX-10402,D707_D508,Unmapped,7005527
SLX-9792,D701_D501,Mapped,64688643
SLX-9792,D701_D502,Mapped,67770526
SLX-9792,D701_D503,Mapped,54490781
SLX-9792,D701_D504,Mapped,50614017
SLX-9792,D701_D505,Mapped,51864125
SLX-9792,D701_D506,Mapped,47757910
SLX-9792,D701_D507,Mapped,53272055
SLX-9792,D701_D508,Mapped,53177853
SLX-9792,D709_D501,Mapped,79097703
SLX-9792,D709_D502,Mapped,61253624
SLX-9792,D709_D503,Mapped,63923881
SLX-9792,D709_D504,Mapped,75289929
SLX-9792,D709_D505,Mapped,58609923
SLX-9792,D709_D506,Mapped,63609182
SLX-9792,D709_D507,Mapped,52305679
SLX-9792,D709_D508,Mapped,56705273
SLX-9792,D710_D501,Mapped,70669646
SLX-9792,D710_D502,Mapped,84324870
SLX-9792,D710_D503,Mapped,76013433
SLX-9792,D710_D504,Mapped,74634411
SLX-9792,D710_D505,Mapped,59644217
SLX-9792,D710_D506,Mapped,78032018
SLX-9792,D710_D507,Mapped,78340583
SLX-9792,D710_D508,Mapped,66916846
SLX-9792,D711_D507,Mapped,60787626
SLX-9792,D711_D508,Mapped,56969218
SLX-9792,D712_D501,Mapped,50441691
SLX-9792,D712_D502,Mapped,64447832
SLX-9792,D712_D505,Mapped,97882012
SLX-9792,D712_D506,Mapped,64069744
SLX-9792,D701_D501,Rescued,27768276
SLX-9792,D701_D502,Rescued,20731282
SLX-9792,D701_D503,Rescued,30594958
SLX-9792,D701_D504,Rescued,26798491
SLX-9792,D701_D505,Rescued,31289553
SLX-9792,D701_D506,Rescued,33364975
SLX-9792,D701_D507,Rescued,27772739
SLX-9792,D701_D508,Rescued,35256255
SLX-9792,D709_D501,Rescued,31317029
SLX-9792,D709_D502,Rescued,35739359
SLX-9792,D709_D503,Rescued,32219225
SLX-9792,D709_D504,Rescued,34219723
SLX-9792,D709_D505,Rescued,37066782
SLX-9792,D709_D506,Rescued,26705723
SLX-9792,D709_D507,Rescued,32773203
SLX-9792,D709_D508,Rescued,31447634
SLX-9792,D710_D501,Rescued,34804129
SLX-9792,D710_D502,Rescued,34192091
SLX-9792,D710_D503,Rescued,32248645
SLX-9792,D710_D504,Rescued,30800279
SLX-9792,D710_D505,Rescued,25897148
SLX-9792,D710_D506,Rescued,33864089
SLX-9792,D710_D507,Rescued,26714804
SLX-9792,D710_D508,Rescued,25654366
SLX-9792,D711_D507,Rescued,42196898
SLX-9792,D711_D508,Rescued,39127425
SLX-9792,D712_D501,Rescued,33588170
SLX-9792,D712_D502,Rescued,26323124
SLX-9792,D712_D505,Rescued,43259180
SLX-9792,D712_D506,Rescued,43667081
SLX-9792,D701_D501,Unmapped,6139258
SLX-9792,D701_D502,Unmapped,5930661
SLX-9792,D701_D503,Unmapped,5859021
SLX-9792,D701_D504,Unmapped,5451935
SLX-9792,D701_D505,Unmapped,5700562
SLX-9792,D701_D506,Unmapped,6004007
SLX-9792,D701_D507,Unmapped,5491800
SLX-9792,D701_D508,Unmapped,6240501
SLX-9792,D709_D501,Unmapped,7430704
SLX-9792,D709_D502,Unmapped,6907469
SLX-9792,D709_D503,Unmapped,6658179
SLX-9792,D709_D504,Unmapped,7224067
SLX-9792,D709_D505,Unmapped,6710861
SLX-9792,D709_D506,Unmapped,6238009
SLX-9792,D709_D507,Unmapped,6018899
SLX-9792,D709_D508,Unmapped,5994957
SLX-9792,D710_D501,Unmapped,7144084
SLX-9792,D710_D502,Unmapped,7945553
SLX-9792,D710_D503,Unmapped,7362195
SLX-9792,D710_D504,Unmapped,7187807
SLX-9792,D710_D505,Unmapped,6052115
SLX-9792,D710_D506,Unmapped,7616129
SLX-9792,D710_D507,Unmapped,6867701
SLX-9792,D710_D508,Unmapped,5953137
SLX-9792,D711_D507,Unmapped,7887044
SLX-9792,D711_D508,Unmapped,6814892
SLX-9792,D712_D501,Unmapped,6474481
SLX-9792,D712_D502,Unmapped,6625876
SLX-9792,D712_D505,Unmapped,9601025
SLX-9792,D712_D506,Unmapped,7553301
SLX-10284,D701_D501,Mapped,74455232
SLX-10284,D701_D502,Mapped,75004574
SLX-10284,D701_D503,Mapped,69539350
SLX-10284,D701_D504,Mapped,71279031
SLX-10284,D701_D505,Mapped,67115480
SLX-10284,D701_D506,Mapped,63710388
SLX-10284,D701_D507,Mapped,67372902
SLX-10284,D701_D508,Mapped,72460864
SLX-10284,D702_D501,Mapped,78939044
SLX-10284,D702_D502,Mapped,74816688
SLX-10284,D702_D503,Mapped,78953343
SLX-10284,D702_D504,Mapped,81961646
SLX-10284,D702_D505,Mapped,59700084
SLX-10284,D702_D506,Mapped,72817606
SLX-10284,D702_D507,Mapped,77427722
SLX-10284,D702_D508,Mapped,78430008
SLX-10284,D704_D501,Mapped,79008636
SLX-10284,D704_D502,Mapped,60079485
SLX-10284,D704_D503,Mapped,59807483
SLX-10284,D704_D504,Mapped,58385065
SLX-10284,D704_D505,Mapped,66284374
SLX-10284,D704_D506,Mapped,47989478
SLX-10284,D704_D507,Mapped,80211423
SLX-10284,D704_D508,Mapped,67252095
SLX-10284,D701_D501,Rescued,30877987
SLX-10284,D701_D502,Rescued,29970073
SLX-10284,D701_D503,Rescued,22777111
SLX-10284,D701_D504,Rescued,18473500
SLX-10284,D701_D505,Rescued,26686405
SLX-10284,D701_D506,Rescued,34715606
SLX-10284,D701_D507,Rescued,30345900
SLX-10284,D701_D508,Rescued,34584400
SLX-10284,D702_D501,Rescued,25904927
SLX-10284,D702_D502,Rescued,24008777
SLX-10284,D702_D503,Rescued,21719461
SLX-10284,D702_D504,Rescued,18675069
SLX-10284,D702_D505,Rescued,29113096
SLX-10284,D702_D506,Rescued,20161064
SLX-10284,D702_D507,Rescued,18774983
SLX-10284,D702_D508,Rescued,27776540
SLX-10284,D704_D501,Rescued,32540300
SLX-10284,D704_D502,Rescued,21721137
SLX-10284,D704_D503,Rescued,25651335
SLX-10284,D704_D504,Rescued,26348237
SLX-10284,D704_D505,Rescued,25407190
SLX-10284,D704_D506,Rescued,34510642
SLX-10284,D704_D507,Rescued,15211523
SLX-10284,D704_D508,Rescued,25571384
SLX-10284,D701_D501,Unmapped,7692619
SLX-10284,D701_D502,Unmapped,7402671
SLX-10284,D701_D503,Unmapped,5794819
SLX-10284,D701_D504,Unmapped,6227345
SLX-10284,D701_D505,Unmapped,6284026
SLX-10284,D701_D506,Unmapped,6599153
SLX-10284,D701_D507,Unmapped,6216221
SLX-10284,D701_D508,Unmapped,7785008
SLX-10284,D702_D501,Unmapped,6665424
SLX-10284,D702_D502,Unmapped,6358461
SLX-10284,D702_D503,Unmapped,6089051
SLX-10284,D702_D504,Unmapped,6231885
SLX-10284,D702_D505,Unmapped,5490824
SLX-10284,D702_D506,Unmapped,5240145
SLX-10284,D702_D507,Unmapped,5394079
SLX-10284,D702_D508,Unmapped,7264526
SLX-10284,D704_D501,Unmapped,7968287
SLX-10284,D704_D502,Unmapped,4961785
SLX-10284,D704_D503,Unmapped,5295705
SLX-10284,D704_D504,Unmapped,5221364
SLX-10284,D704_D505,Unmapped,5532984
SLX-10284,D704_D506,Unmapped,10459861
SLX-10284,D704_D507,Unmapped,5183770
SLX-10284,D704_D508,Unmapped,5890851
SLX-10285,D705_D501,Mapped,65701078
SLX-10285,D705_D502,Mapped,70830897
SLX-10285,D705_D503,Mapped,39471854
SLX-10285,D705_D504,Mapped,60434098
SLX-10285,D705_D505,Mapped,76947693
SLX-10285,D705_D506,Mapped,78452581
SLX-10285,D705_D507,Mapped,77699286
SLX-10285,D705_D508,Mapped,68620470
SLX-10285,D706_D501,Mapped,60509009
SLX-10285,D706_D502,Mapped,62340111
SLX-10285,D706_D503,Mapped,50826237
SLX-10285,D706_D504,Mapped,56090778
SLX-10285,D706_D505,Mapped,52634420
SLX-10285,D706_D506,Mapped,50726963
SLX-10285,D706_D507,Mapped,49083112
SLX-10285,D706_D508,Mapped,60407227
SLX-10285,D707_D501,Mapped,73594990
SLX-10285,D707_D502,Mapped,70691699
SLX-10285,D707_D503,Mapped,44601447
SLX-10285,D707_D504,Mapped,49896926
SLX-10285,D707_D505,Mapped,63386607
SLX-10285,D707_D506,Mapped,53875194
SLX-10285,D707_D507,Mapped,53474636
SLX-10285,D707_D508,Mapped,70513251
SLX-10285,D708_D501,Mapped,85122103
SLX-10285,D708_D502,Mapped,45970709
SLX-10285,D708_D503,Mapped,73822121
SLX-10285,D708_D504,Mapped,71478984
SLX-10285,D708_D505,Mapped,61795800
SLX-10285,D708_D506,Mapped,56371355
SLX-10285,D708_D507,Mapped,35844724
SLX-10285,D708_D508,Mapped,27146212
SLX-10285,D705_D501,Rescued,30007630
SLX-10285,D705_D502,Rescued,35805088
SLX-10285,D705_D503,Rescued,30448820
SLX-10285,D705_D504,Rescued,34906930
SLX-10285,D705_D505,Rescued,41758167
SLX-10285,D705_D506,Rescued,40833101
SLX-10285,D705_D507,Rescued,36046192
SLX-10285,D705_D508,Rescued,28954762
SLX-10285,D706_D501,Rescued,28593371
SLX-10285,D706_D502,Rescued,28970477
SLX-10285,D706_D503,Rescued,32627368
SLX-10285,D706_D504,Rescued,30689517
SLX-10285,D706_D505,Rescued,44459428
SLX-10285,D706_D506,Rescued,26620222
SLX-10285,D706_D507,Rescued,38036584
SLX-10285,D706_D508,Rescued,32282891
SLX-10285,D707_D501,Rescued,36461589
SLX-10285,D707_D502,Rescued,35181312
SLX-10285,D707_D503,Rescued,26030998
SLX-10285,D707_D504,Rescued,22540547
SLX-10285,D707_D505,Rescued,32246202
SLX-10285,D707_D506,Rescued,22837571
SLX-10285,D707_D507,Rescued,19409343
SLX-10285,D707_D508,Rescued,33310845
SLX-10285,D708_D501,Rescued,35699674
SLX-10285,D708_D502,Rescued,22451166
SLX-10285,D708_D503,Rescued,24989117
SLX-10285,D708_D504,Rescued,27746085
SLX-10285,D708_D505,Rescued,42013498
SLX-10285,D708_D506,Rescued,33217779
SLX-10285,D708_D507,Rescued,39672716
SLX-10285,D708_D508,Rescued,55133171
SLX-10285,D705_D501,Unmapped,7754051
SLX-10285,D705_D502,Unmapped,7313156
SLX-10285,D705_D503,Unmapped,6160329
SLX-10285,D705_D504,Unmapped,8724516
SLX-10285,D705_D505,Unmapped,8591650
SLX-10285,D705_D506,Unmapped,9035838
SLX-10285,D705_D507,Unmapped,7904249
SLX-10285,D705_D508,Unmapped,6756985
SLX-10285,D706_D501,Unmapped,8373769
SLX-10285,D706_D502,Unmapped,8058276
SLX-10285,D706_D503,Unmapped,8056596
SLX-10285,D706_D504,Unmapped,7573250
SLX-10285,D706_D505,Unmapped,10409365
SLX-10285,D706_D506,Unmapped,6828351
SLX-10285,D706_D507,Unmapped,8149383
SLX-10285,D706_D508,Unmapped,8836509
SLX-10285,D707_D501,Unmapped,7588269
SLX-10285,D707_D502,Unmapped,6224890
SLX-10285,D707_D503,Unmapped,4210792
SLX-10285,D707_D504,Unmapped,4977045
SLX-10285,D707_D505,Unmapped,6600162
SLX-10285,D707_D506,Unmapped,5423680
SLX-10285,D707_D507,Unmapped,5638706
SLX-10285,D707_D508,Unmapped,6872667
SLX-10285,D708_D501,Unmapped,8065320
SLX-10285,D708_D502,Unmapped,4778087
SLX-10285,D708_D503,Unmapped,6405595
SLX-10285,D708_D504,Unmapped,6468888
SLX-10285,D708_D505,Unmapped,7223710
SLX-10285,D708_D506,Unmapped,5893941
SLX-10285,D708_D507,Unmapped,4975016
SLX-10285,D708_D508,Unmapped,4697044
SLX-10283,D709_D501,Mapped,66152963
SLX-10283,D709_D502,Mapped,71385805
SLX-10283,D709_D503,Mapped,56996398
SLX-10283,D709_D504,Mapped,60551310
SLX-10283,D709_D505,Mapped,97449920
SLX-10283,D709_D506,Mapped,57112367
SLX-10283,D709_D507,Mapped,54769311
SLX-10283,D709_D508,Mapped,71014010
SLX-10283,D710_D501,Mapped,66338846
SLX-10283,D710_D502,Mapped,79899275
SLX-10283,D710_D503,Mapped,80496452
SLX-10283,D710_D504,Mapped,70029428
SLX-10283,D710_D507,Mapped,61415569
SLX-10283,D710_D508,Mapped,67407531
SLX-10283,D711_D501,Mapped,78658870
SLX-10283,D711_D502,Mapped,67769489
SLX-10283,D711_D503,Mapped,59054640
SLX-10283,D711_D504,Mapped,67328150
SLX-10283,D711_D505,Mapped,50077179
SLX-10283,D711_D506,Mapped,68051169
SLX-10283,D711_D507,Mapped,69462402
SLX-10283,D711_D508,Mapped,91411313
SLX-10283,D712_D501,Mapped,63960841
SLX-10283,D712_D502,Mapped,69200065
SLX-10283,D712_D503,Mapped,55591293
SLX-10283,D712_D504,Mapped,66201465
SLX-10283,D712_D505,Mapped,70753017
SLX-10283,D712_D506,Mapped,81629816
SLX-10283,D712_D507,Mapped,59553226
SLX-10283,D712_D508,Mapped,70118767
SLX-10283,D709_D501,Rescued,20263005
SLX-10283,D709_D502,Rescued,27005306
SLX-10283,D709_D503,Rescued,24436754
SLX-10283,D709_D504,Rescued,23040551
SLX-10283,D709_D505,Rescued,47078630
SLX-10283,D709_D506,Rescued,31064441
SLX-10283,D709_D507,Rescued,23036659
SLX-10283,D709_D508,Rescued,31546168
SLX-10283,D710_D501,Rescued,44529658
SLX-10283,D710_D502,Rescued,32728791
SLX-10283,D710_D503,Rescued,33542048
SLX-10283,D710_D504,Rescued,29594656
SLX-10283,D710_D507,Rescued,33749215
SLX-10283,D710_D508,Rescued,37887137
SLX-10283,D711_D501,Rescued,36871396
SLX-10283,D711_D502,Rescued,29402633
SLX-10283,D711_D503,Rescued,31039090
SLX-10283,D711_D504,Rescued,27804759
SLX-10283,D711_D505,Rescued,41701867
SLX-10283,D711_D506,Rescued,24857175
SLX-10283,D711_D507,Rescued,25999810
SLX-10283,D711_D508,Rescued,20593550
SLX-10283,D712_D501,Rescued,30593401
SLX-10283,D712_D502,Rescued,33458042
SLX-10283,D712_D503,Rescued,28031817
SLX-10283,D712_D504,Rescued,31115324
SLX-10283,D712_D505,Rescued,29079850
SLX-10283,D712_D506,Rescued,24156880
SLX-10283,D712_D507,Rescued,24973367
SLX-10283,D712_D508,Rescued,21926676
SLX-10283,D709_D501,Unmapped,6459398
SLX-10283,D709_D502,Unmapped,7129143
SLX-10283,D709_D503,Unmapped,5668810
SLX-10283,D709_D504,Unmapped,5622021
SLX-10283,D709_D505,Unmapped,10773375
SLX-10283,D709_D506,Unmapped,6300574
SLX-10283,D709_D507,Unmapped,5208013
SLX-10283,D709_D508,Unmapped,7194758
SLX-10283,D710_D501,Unmapped,8412725
SLX-10283,D710_D502,Unmapped,7539720
SLX-10283,D710_D503,Unmapped,7990011
SLX-10283,D710_D504,Unmapped,6543502
SLX-10283,D710_D507,Unmapped,6616028
SLX-10283,D710_D508,Unmapped,6885994
SLX-10283,D711_D501,Unmapped,7672638
SLX-10283,D711_D502,Unmapped,6577861
SLX-10283,D711_D503,Unmapped,6309819
SLX-10283,D711_D504,Unmapped,6117336
SLX-10283,D711_D505,Unmapped,10003506
SLX-10283,D711_D506,Unmapped,5930197
SLX-10283,D711_D507,Unmapped,6576032
SLX-10283,D711_D508,Unmapped,7500658
SLX-10283,D712_D501,Unmapped,6330496
SLX-10283,D712_D502,Unmapped,6670362
SLX-10283,D712_D503,Unmapped,5753144
SLX-10283,D712_D504,Unmapped,6320115
SLX-10283,D712_D505,Unmapped,6693442
SLX-10283,D712_D506,Unmapped,6761922
SLX-10283,D712_D507,Unmapped,5781088
SLX-10283,D712_D508,Unmapped,6360433
SLX-10287,D701_D501,Mapped,51379828
SLX-10287,D701_D502,Mapped,55110800
SLX-10287,D701_D503,Mapped,72428736
SLX-10287,D701_D504,Mapped,59049386
SLX-10287,D701_D505,Mapped,71721680
SLX-10287,D701_D506,Mapped,53035350
SLX-10287,D701_D507,Mapped,62050823
SLX-10287,D701_D508,Mapped,56556277
SLX-10287,D702_D501,Mapped,88105686
SLX-10287,D702_D502,Mapped,47324074
SLX-10287,D702_D503,Mapped,79057247
SLX-10287,D702_D504,Mapped,93742988
SLX-10287,D702_D505,Mapped,59946303
SLX-10287,D702_D506,Mapped,52373810
SLX-10287,D702_D507,Mapped,99249589
SLX-10287,D702_D508,Mapped,70983871
SLX-10287,D704_D501,Mapped,66585517
SLX-10287,D704_D502,Mapped,67761789
SLX-10287,D704_D503,Mapped,103710698
SLX-10287,D704_D504,Mapped,51906486
SLX-10287,D704_D505,Mapped,110669248
SLX-10287,D704_D506,Mapped,64053234
SLX-10287,D704_D507,Mapped,66388714
SLX-10287,D704_D508,Mapped,62097566
SLX-10287,D705_D501,Mapped,44958566
SLX-10287,D705_D502,Mapped,72350522
SLX-10287,D705_D503,Mapped,79716953
SLX-10287,D705_D504,Mapped,75336030
SLX-10287,D705_D505,Mapped,56558554
SLX-10287,D705_D506,Mapped,67600757
SLX-10287,D705_D507,Mapped,40574144
SLX-10287,D705_D508,Mapped,38105945
SLX-10287,D706_D501,Mapped,53557805
SLX-10287,D706_D502,Mapped,72437119
SLX-10287,D701_D501,Rescued,26269137
SLX-10287,D701_D502,Rescued,20781206
SLX-10287,D701_D503,Rescued,33476132
SLX-10287,D701_D504,Rescued,37872862
SLX-10287,D701_D505,Rescued,28370961
SLX-10287,D701_D506,Rescued,20232169
SLX-10287,D701_D507,Rescued,21526247
SLX-10287,D701_D508,Rescued,18204879
SLX-10287,D702_D501,Rescued,38793140
SLX-10287,D702_D502,Rescued,34623616
SLX-10287,D702_D503,Rescued,43004262
SLX-10287,D702_D504,Rescued,44931536
SLX-10287,D702_D505,Rescued,19416139
SLX-10287,D702_D506,Rescued,34734188
SLX-10287,D702_D507,Rescued,47895235
SLX-10287,D702_D508,Rescued,41420328
SLX-10287,D704_D501,Rescued,39571656
SLX-10287,D704_D502,Rescued,30403791
SLX-10287,D704_D503,Rescued,33176324
SLX-10287,D704_D504,Rescued,17756286
SLX-10287,D704_D505,Rescued,37964470
SLX-10287,D704_D506,Rescued,35510634
SLX-10287,D704_D507,Rescued,21843428
SLX-10287,D704_D508,Rescued,18949219
SLX-10287,D705_D501,Rescued,51327681
SLX-10287,D705_D502,Rescued,32598064
SLX-10287,D705_D503,Rescued,32777432
SLX-10287,D705_D504,Rescued,26792970
SLX-10287,D705_D505,Rescued,41873784
SLX-10287,D705_D506,Rescued,49566054
SLX-10287,D705_D507,Rescued,30486151
SLX-10287,D705_D508,Rescued,35646980
SLX-10287,D706_D501,Rescued,41424808
SLX-10287,D706_D502,Rescued,53362477
SLX-10287,D701_D501,Unmapped,5912054
SLX-10287,D701_D502,Unmapped,6005177
SLX-10287,D701_D503,Unmapped,8288902
SLX-10287,D701_D504,Unmapped,7514947
SLX-10287,D701_D505,Unmapped,8632056
SLX-10287,D701_D506,Unmapped,5942884
SLX-10287,D701_D507,Unmapped,6260744
SLX-10287,D701_D508,Unmapped,6048299
SLX-10287,D702_D501,Unmapped,9719492
SLX-10287,D702_D502,Unmapped,6178543
SLX-10287,D702_D503,Unmapped,9195947
SLX-10287,D702_D504,Unmapped,10358254
SLX-10287,D702_D505,Unmapped,6163633
SLX-10287,D702_D506,Unmapped,6890365
SLX-10287,D702_D507,Unmapped,11322185
SLX-10287,D702_D508,Unmapped,8789259
SLX-10287,D704_D501,Unmapped,7284078
SLX-10287,D704_D502,Unmapped,7886482
SLX-10287,D704_D503,Unmapped,10419487
SLX-10287,D704_D504,Unmapped,5747454
SLX-10287,D704_D505,Unmapped,11947993
SLX-10287,D704_D506,Unmapped,8559757
SLX-10287,D704_D507,Unmapped,6902602
SLX-10287,D704_D508,Unmapped,5965448
SLX-10287,D705_D501,Unmapped,6335947
SLX-10287,D705_D502,Unmapped,8050120
SLX-10287,D705_D503,Unmapped,8968964
SLX-10287,D705_D504,Unmapped,8087718
SLX-10287,D705_D505,Unmapped,7008682
SLX-10287,D705_D506,Unmapped,8269056
SLX-10287,D705_D507,Unmapped,6277233
SLX-10287,D705_D508,Unmapped,7554844
SLX-10287,D706_D501,Unmapped,7484501
SLX-10287,D706_D502,Unmapped,9963825
